Average of Sales_Per_Unit,Column Labels,,,,,
Row Labels,GOOD,PREMIUM,STANDARD,VERY GOOD,(blank),Grand Total
East,25.71978246,81.2211115,9.728672858,40.54515145,,30.48780616
North,23.25444279,67.705778,10.89761228,48.32558325,,31.78739321
South,25.35887687,56.54444541,9.398944518,46.68503018,,30.4663379
West,27.97159494,69.27706929,10.35228545,43.95369406,,34.13430919
(blank),,,,,,
Grand Total,25.1913742,71.42858065,10.10788968,44.49371214,,31.39145893
